Kelly,Hayashida,19270414
Louis,Zubrowski,19430808
Israel,Uptmor,19390518
Jewell,Champa,19440718
Dallas,Mcpheron,20000625
Darius,Parrot,19291029
Preston,Bahrke,19800226
Duane,Hohler,19360513
Mauricio,Titze,19791026
Emmanuel,Loofbourrow,19260322
Lon,Hric,19790602
Tyron,Pluviose,19790730
Myles,Gueth,19610929
Myles,Kiley,19260712
Morton,Weich,19970201
Antonia,Mcgready,19250712
Brock,Tanenbaum,20020209
Drew,Herring,19370201
Jerrold,Dyner,19800623
Lonny,Archer,20071106
Jermaine,Yenner,19701002
Miles,Garry,19640606
Herman,Clendenon,19270212
Gilberto,Conveniencia,19520519
Duncan,Pudenz,20080718
Gary,Ortea,19560504
King,Caselli,19370502
Barton,Sorotzkin,19290126
Luke,Paoletta,19881126
Carey,Merschman,19690112
Ben,Dalka,19700417
Demetrius,Spakes,19240301
Sol,Palmerton,19260410
Morgan,Crittendon,19840121
Isidro,Milas,19460711
Gordon,Pinter,19260803
Jasper,Ragsdale,19510129
Jordan,Feuerstein,20041019
Chet,Haker,20000130
Jarvis,Ruberto,19600814
Rogelio,Waldenberg,19630525
Ollie,Nowlan,19211112
Kelvin,Keicher,19560217
Keenan,Bohringer,19250504
Rene,Peets,19990625
Otha,Byra,19420724
Royal,Maren,19640322
Irwin,Wanzek,20070313
Sol,Baze,19210610
Henry,Sylve,19900605
Byron,Bigford,19260607
Ben,Bredy,19230729
Bradly,Crowl,19620222
Cruz,Reutzel,19370530
Andres,Copelin,19971208
Earl,Raff,19600224
Scot,Echaure,19880517
Lucas,Mapel,19200117
Leonel,Ryner,19570418
Dewitt,Mezera,19990923
Weston,Frakes,19540727
Chet,Hannam,19290304
Lindsay,Chapoton,20041012
Fermin,Rehmer,19270812
Hayden,Sebastien,19371011
Mel,Darrup,19740515
Bradford,Killings,19850503
Efrain,Gaglia,19410722
Rosario,Mcgrann,19891117
Victor,Enamorado,19791123
Jan,Reddicks,19450524
Dominick,Kliskey,19690203
Miquel,Kaja,19851023
Luciano,Eaby,19710929
Shaun,Bicknell,19711119
Grover,Salafia,19480409
Erik,Vermilyea,19850803
Tad,Boling,19540821
Rob,Bourne,19260526
Huey,Leonaggeo,19200227
Eduardo,Sousa,20081115
Horace,Bible,19550910
Theo,Palmisciano,19451128
Quincy,Tippins,19270830
Alva,Mamo,20080115
Andy,Lerner,19340123
Hung,Waltzer,19350502
Reginald,Degaetano,19940325
Barton,Gilruth,19780426
Domenic,Teet,19380709
Booker,Gelen,19510207
Newton,Pigg,20080608
Salvador,Ranweiler,19501221
Johnathan,Peddie,20001023
Dwayne,Needs,20011108
Thomas,Karnish,19830218
Harlan,Baiera,19791004
Garret,Masten,19200208
Ray,Nagorski,19541218
Mikel,Arquette,19810817
Billie,Tonsall,19541003
Kirk,Fruin,19651107
Elisha,Minckler,19931123
Moses,Brasil,19721023
Curtis,Vimont,19860720
Tyrell,Dewitt,20060413
Boris,Nathaniel,19300805
Carter,Vanhampler,20000927
Ray,Lotan,19281209
Carol,Modest,19680306
Stefan,Cucino,19971014
Vincenzo,Selleck,19930208
Casey,Valgren,19390616
Sol,Buonocore,19370905
Ellsworth,Krasnow,19991220
Darnell,Hetland,19920427
Lyle,Noviello,19900226
Arlie,Delisa,19460206
Bart,Bibles,19890621
Terrence,Mckinzey,19760513
Fabian,Makarewicz,19980109
Johnnie,Alexaki,20020303
Herschel,Jeanty,19660330
Norberto,Rowles,19310817
Art,Guiffre,19230721
Donnie,Binegar,19580413
Milan,Dumdei,19541111
Danilo,Norzagaray,19871019
Jay,Whary,19290216
Lloyd,Condit,19670629
Maurice,Kwasniewski,20091125
Coy,Husak,19520501
Josue,Fioretti,19791005
Leigh,Faster,19771103
Leroy,Nasworthy,19470113
Ian,Berri,20061217
Alexander,Rimmer,20050408
Nickolas,Baggesen,19660124
Vince,Seneca,19551030
Aldo,Hoeg,19491219
Leslie,Rothove,19780525
Lupe,Mcdougall,20080619
Gil,Pelz,19551027
Vince,Frid,19500719
Mitchell,Kingry,19710116
Jamey,Dlabaj,19650122
Marcel,Mcleese,19210512
Kurtis,Ackland,19670614
Moises,Shemper,19240603
Rick,Slark,19731114
Kelly,Ju,19920413
Jerrod,Hannegan,19701129
Darrick,Schoenle,20070904
Julio,Lorenzano,19210609
Rafael,Milanes,19911116
Jess,Grealish,19300111
Arlie,Genier,19720716
Jay,Dennies,19831220
Ronny,Spohnholz,19770719
Granville,Ledon,19490527
Orval,Valakas,19350810
Salvador,Brines,19850301
Spencer,Depiro,19700730
Damian,Cills,19560330
Damien,Teats,19251020
Kent,Swartzlander,19470606
Buford,Mccary,19900218
Eddie,Pecinovsky,20070309
Linwood,Morse,19651211
Mikel,Labarr,19300706
Benton,Megeath,19290512
Edwin,Leavelle,19571203
Felton,Vivas,19440112
Virgil,Robey,19571227
Perry,Steward,19341213
Harrison,Riebe,19310525
Oswaldo,Hirai,19890407
Dave,Cogen,19580915
Benny,Kewish,20090212
Marty,Brodnex,19620704
Chauncey,Nkuku,19350829
Jospeh,Rempel,19361228
Gaston,Spatafore,19200206
Ariel,Ryu,19201005
Julius,Kipping,19810618
Harley,Grigsby,19210702
Coleman,Loegering,19710402
Daniel,Hudgens,19290408
Shon,Lipstone,19621017
Raymundo,Kralicek,19941222
Samual,Burrichter,19790526
Alvin,Mclauchlin,19830216
Benedict,Kinkel,19771107
Salvador,Felty,19840205
Dominique,Manzone,19810706
Curt,Gleaves,19991228
Dominique,Danek,19231106
Hai,Peltier,19350628
Mauro,Turay,19201011
Mel,Eaglin,19710810
Gus,Culbreth,19831003
Brain,Frankel,19280313
Hayden,Schindele,19900227
Jerrod,Luera,19920907
Harvey,Headlon,19450312
Grant,Stuckman,19970312
Pete,Surano,19440813
Bobbie,Bacak,19401021
Modesto,Fortado,20060129
Demetrius,Haybarger,19961219
Kurtis,Vandewater,19970504
Carmelo,Kingen,19640624
Jay,Carn,19991004
Ignacio,Colter,19321011
Everett,Hillabush,19220109
Isaac,Adamsonis,19430429
Marquis,Lamonda,20030824
Zack,Tostanoski,19990725
Ivory,Lovell,19921218
Lemuel,Buller,19311218
Orville,Tealer,19280813
Erin,Haste,19960227
Barney,Wollmuth,19390603
Cleo,Hippe,19440106
Winfred,Karlin,19771219
Darren,Quarterman,19240617
Wesley,Southand,19500918
Luke,Woolcock,19480305
Silas,Magdefrau,19880808
Darryl,Kleparek,19491130
Lamont,Gossling,19281030
Zachary,Hecke,19351207
Monty,Diers,19550723
Abe,Bizier,19661125
Tyler,Broccolo,19271118
Tracey,Kubal,19200913
Toby,Ende,19350604
Devin,Olvey,19720914
Reuben,Zenteno,19481219
Garry,Harvest,19361117
Jeromy,Bertolino,19590125
Antoine,Blok,19380309
Sydney,Kazmi,19650725
Chance,Andreas,20030613
Toney,Gleim,19910612
Nathanial,Wonsik,19280409
Glen,Vogus,19320214
Bradley,Theaux,19300821
Isidro,Joliet,19560623
Cornell,Regulus,19860329
Gabriel,Reddoch,19870620
Leland,Beaucage,20100928
Tod,Gautam,20051105
Stacy,Vollenweider,19540222
Garry,Mcbride,19420926
Marcos,Mcgilvery,19520923
Mario,Krissie,20040404
Shelby,Hetsler,19830604
Hunter,Terrano,19600928
Zackary,Keets,19660410
Patricia,Rushlow,19730620
Cecil,Vanbibber,20100809
Dale,Paladino,19491225
Huey,Gotsche,19751018
Claud,Courtad,20020104
Walton,Pestoni,19651027
Elmo,Cenat,19240523
Eliseo,Mehlman,19620928
Leslie,Derosset,19280301
Russel,Carmody,19651203
Byron,Willingham,19850914
William,Helin,19700522
Danial,Trifone,19340918
Al,Minnich,20080303
Armand,Brocato,20031113
Al,Shildneck,19850120
Lou,Kite,19701021
Lindsey,Overton,19521123
Perry,Pollinger,19301210
Felipe,Lazzell,19550820
Ignacio,Hileman,19491117
Jeromy,Scrivner,19970403
Miguel,Reevers,19690927
Maynard,Gentz,19560128
Kristopher,Barkhimer,19240626
Margarito,Ketterman,20050704
Jacinto,Grasse,19300509
Andrea,Basara,19820322
Sanford,Pillar,19271119
Quentin,Fitton,19570223
Lynwood,Connerty,19520910
Buford,Angulo,20010126
Tobias,Groleau,19460204
Booker,Bieler,19380505
Damion,Mckeane,19380410
Rafael,Aquero,19401012
Cliff,Cannington,19971004
Richard,Vangundy,19580121
Valentin,Auyer,19790527
Marlon,Sonterre,20040901
Mac,Patten,20101229
Darrel,Sealander,19230505
Rey,Dinsdale,19280811
Travis,Shobe,19650103
Fidel,Rattler,19360914
Kristofer,Divento,19970628
Rudolph,Conforto,19641018
Desmond,Braucher,20011123
Seth,Cassity,19241122
Sol,Vilegas,19210124
Nathan,Jonsson,20030816
Emery,Bondroff,19430630
Boyd,Mcgarraugh,19720626
Isaac,Jeanty,19470126
Caleb,Picket,19790426
Elijah,Benes,19490118
Dwight,Gebrayel,19950925
Douglass,Goepfarth,19970401
Carson,Roches,19571112
Devin,Meyn,19741215
Vaughn,Marchak,20060213
Forest,Gershey,19801003
Elias,Malaterre,19411124
Grover,Buller,20010829
Edmond,Harcourt,19200107
Elroy,Le,19931116
Ezekiel,Bievenue,19490703
Gino,Solomon,19800405
Fernando,Brockett,19260320
Eddie,Smullen,19660128
Sergio,Marrazzo,20080103
Joshua,Roon,20011216
Kennith,Morda,19910307
Marcelo,Schalk,19841001
Freddy,Maphis,19760623
Dana,Legard,19930504
Cornell,Attleson,19871209
Jeremiah,Pollen,19440602
Myron,Rosati,19860916
Abraham,Piatkowski,19941227
Jarod,Fingal,19810115
Quinn,Gordon,19670425
Carter,Kiles,19641027
Ricardo,Carico,19941229
Rick,Krasinski,19421022
Sylvester,Millot,20001215
Clemente,Vanasten,19950707
Don,Ficchi,19820615
Luther,Tobar,20090814
Dusty,Neuhoff,20011111
Troy,Stofflet,19980122
Luigi,Sergi,20010505
Francisco,Behm,19701029
William,Kalfa,20070824
Carroll,Monagan,19500622
Fred,Gritsch,19760501
Marquis,Levites,19220811
Leland,Berlinski,19931007
Jamison,Lazares,19510411
Leo,Cirocco,19340913
Antonia,Wolansky,19450101
Edwardo,Sawtelle,19550420
Andrew,Andra,19690414
Gregg,Valley,20060619
Gerard,Alvero,19320529
Emanuel,Schlemmer,19220218
Mason,Mishulovin,20041205
Douglas,Munstermann,20060822
Mario,Younes,19650206
Ruben,Guttery,19221102
Benjamin,Castejon,19830206
Jc,Hiemer,20000219
Rob,Hirano,19450905
Kent,Castelhano,19770313
Dee,Beshears,19510915
Ellsworth,Bodenstein,20080324
Raymond,Alkire,19340116
Gayle,Nicol,19961009
Alvaro,Iseri,19941208
Gayle,Stumpf,19880129
Ethan,Vautier,19970608
Benedict,Collingsworth,20080808
Cornelius,Rebert,19820518
Rolando,Hammonds,19390307
Glen,Ruggiere,19991128
Reginald,Busbey,19510617
Isaias,Zadina,20050311
Pablo,Haapala,19861018
Luciano,Lain,19420727
Cortez,Grisom,19620626
Hyman,Windam,19681025
Bernardo,Sozio,20050703
Carter,Raglow,19630113
Booker,Neibert,19600109
Ricky,Candia,19540816
Arthur,Hoeschen,19540130
Ian,Angviano,20040820
Lynwood,Balboa,19300625
Courtney,Baldi,19381030
Frances,Heroman,19400208
Devin,Bub,19610223
Cleo,Ororke,20010423
Ike,Avino,20030726
Faustino,Desquare,19960513
Otto,Autery,19210327
Rosario,Bogard,19760823
Jan,Recar,19441020
Lucio,Secker,19921102
Sammie,Schlicht,19950927
Rayford,Varella,19781107
Ahmed,Konicek,19970926
Willy,Matusiak,19430329
Marlin,Viesca,19430711
Williams,Christina,19341105
Darrel,Cammarata,20050427
Marvin,Stanciel,19510401
Alonzo,Kaufhold,19850528
Harris,Poskey,19731125
Virgil,Hopwood,19721217
Giovanni,Pepin,19440413
Anderson,Yoshimura,19861026
Garth,Vespia,19701023
Pedro,Levins,20060318
Justin,Brundidge,19960823
Isreal,Erp,19420228
Ross,Badanguio,19200908
Raymond,Gathing,19241111
Bernard,Ganison,20070709
Kieth,Meadows,19910221
Jeffery,Mesta,19510516
Bryon,Underdown,19780715
Timothy,Stein,19781119
Bruce,Woloszczak,19940722
Fritz,Hilburn,19241115
Kim,Cali,19460501
Virgilio,Weelborg,19270525
Justin,Brightwell,19800323
Robt,Simank,19660510
Frederick,Teixeira,19291207
Hoyt,Garon,19410629
Charles,Zalewski,19611106
Salvatore,Kleifgen,19440717
Tyler,Lagonia,19410118
Dee,Adamek,19741028
Patricia,Furner,19780712
Nick,Mecham,19540205
Nigel,Niedzielski,19780625
Cordell,Kourkoumellis,19920113
Lacy,Garelick,19201105
Brad,Chowenhill,19260413
Mohammed,Debuse,19580729
Lamont,Hesketh,19990629
Rene,Sakash,19300526
Vern,Lubinsky,19890321
James,Pischke,19720502
Solomon,Gimar,19920606
Morgan,Carpenter,19240914
Alvin,Leiser,19300712
Miles,Knowiton,19470106
Lucas,Marszalek,19780119
Danilo,Jorge,19970813
Kelvin,York,19230615
Columbus,Milbauer,19590416
Seth,Roszel,19531122
Taylor,Caley,19431108
Bobby,Stricker,19650323
Don,Kapetanos,19911009
Clint,Moler,19550506
Tommy,Dennett,19780117
Alden,Englin,20100729
Mohamed,Burns,19880408
Antwan,Heagney,19200511
Cody,Awai,19950911
Len,Milelr,19760106
Luis,Lacourse,19230918
Jamie,Munstermann,19390416
Dudley,Naughton,20060429
Joel,Vosburg,19630718
Ty,Kania,20091230
Josue,Hopgood,20020920
Burl,Slepski,20090526
Zane,Essepian,19220903
Hugh,Brucken,19841124
Herbert,Vanvleck,19711008
Lavern,Zingone,19250620
Gaylord,Brantner,19241029
King,Rimple,19690822
Ezra,Guyette,19720508
Lewis,Rollings,19870611
Nicky,Romesburg,19270326
Chris,Sobrowski,19290628
Clay,Fitzgerrel,19700928
Diego,Miernik,19441007
Irwin,Mccaskill,19240303
James,Debraga,19330704
Clement,Mangiaracina,19720121
Quinton,Mathison,19951126
Kyle,Pontarelli,19310910
Dong,Sinstack,19970623
